"ID";"NAME";"DESCRIPTION";"CATEGORY";"SUB_CATEGORY";"DURATION_MIN";"RECURRENCE_TYPE";"RECURRENCE_INTERVAL";"LAST_DONE_DATE";"NEXT_DUE_DATE";"PRIORITY";"STATUS";"IS_ACTIVE"
"REC001";"Arroser les plantes";"Arroser toutes les plantes d'intérieur";"Maison";"Jardinage";"5";"weekly";"7";"";"";"2";"available";"1"
"REC002";"Nettoyer caisse chat";"Nettoyer et changer la litière";"Animaux";"Entretien";"5";"daily";"1";"";"";"1";"available";"1"
"REC003";"Changer les draps";"Changer les draps du lit";"Maison";"Linge";"5";"weekly";"7";"";"";"2";"available";"1"
"REC004";"Aspirer salon";"Passer l'aspirateur dans le salon";"Maison";"Ménage";"5";"weekly";"7";"";"";"2";"available";"1"
"REC005";"Sortir les poubelles";"Sortir les poubelles sur le trottoir";"Maison";"Déchets";"5";"weekly";"7";"";"";"1";"available";"1"
"REC006";"Nettoyer la cuisine";"Nettoyer plan de travail et évier";"Maison";"Ménage";"5";"daily";"1";"";"";"2";"available";"1"
"REC007";"Nettoyer lavabo";"Nettoyer lavabo et miroir";"Maison";"Ménage";"5";"weekly";"7";"";"";"2";"available";"1"
"REC008";"Faire les courses";"Courses alimentaires hebdomadaires";"Maison";"Provisions";"60";"weekly";"7";"";"";"2";"available";"1"
"REC010";"Réviser factures";"Vérifier et payer les factures";"Finance";"Administration";"5";"monthly";"30";"";"";"2";"available";"1"
"REC011";"Nettoyer frigo";"Nettoyer étagères du frigo";"Maison";"Ménage";"5";"monthly";"30";"";"";"3";"available";"1"
"REC012";"Trier le courrier";"Trier et classer le courrier";"Maison";"Administration";"5";"weekly";"7";"";"";"2";"available";"1"
"REC014";"Nettoyer fenêtre salon";"Nettoyer vitre principale salon";"Maison";"Ménage";"5";"monthly";"30";"";"";"3";"available";"1"
"REC015";"Laver gamelles animaux";"Laver et désinfecter gamelles";"Animaux";"Entretien";"5";"daily";"1";"";"";"1";"available";"1"
"REC016";"Aspirer canapé";"Aspirer le canapé";"Maison";"Ménage";"5";"weekly";"7";"";"";"3";"available";"1"
"REC017";"Nettoyer micro-ondes";"Nettoyer intérieur micro-ondes";"Maison";"Ménage";"5";"weekly";"7";"";"";"3";"available";"1"
"REC018";"Descendre recyclage";"Descendre cartons et bouteilles";"Maison";"Déchets";"5";"weekly";"7";"";"";"2";"available";"1"
"REC019";"Vider poubelle bureau";"Vider corbeille du bureau";"Maison";"Déchets";"5";"weekly";"7";"";"";"3";"available";"1"
"REC020";"Nettoyer clavier";"Nettoyer clavier d'ordinateur";"Maison";"Informatique";"5";"monthly";"30";"";"";"3";"available";"1"
"REC021";"Douche matinale";"Se laver complètement sous la douche";"Hygiène";"Corporel";"15";"daily";"1";"";"";"1";"available";"1"
"REC022";"Manucure";"Couper et limer les ongles des mains";"Entretien";"Mains";"5";"weekly";"14";"";"";"2";"available";"1"
"REC023";"Révision Anki";"Réviser les cartes de mémorisation Anki";"Mémorisation";"Apprentissage";"5";"daily";"1";"";"";"2";"available";"1"
"REC024";"Épilation visage";"Épiler les joues et oreilles";"Hygiène";"Épilation";"5";"weekly";"7";"";"";"1";"available";"1"
"REC025";"Brossage dentaire";"Se brosser les dents";"Hygiène";"Dentaire";"5";"daily";"1";"";"";"1";"available";"1"
"REC026";"Jeu avec Gigi";"Jouer et interagir avec Gigi";"Animaux";"Interaction";"5";"daily";"1";"";"";"2";"available";"1"
"REC027";"Jeu avec Coco";"Jouer et interagir avec Coco";"Animaux";"Interaction";"5";"daily";"1";"";"";"2";"available";"1"
"REC028";"Pédicure ongles";"Couper et soigner les ongles de pieds";"Hygiène";"Pieds";"5";"monthly";"30";"";"";"4";"available";"1"
"REC029";"Pesée santé";"Se peser pour suivi de santé";"Suivi";"Santé";"5";"weekly";"7";"";"";"2";"available";"1"
"REC030";"Correction posture";"Exercices pour améliorer la posture";"Exercice";"Posture";"5";"daily";"1";"";"";"2";"available";"1"
"REC031";"Étirement abducteurs";"Étirer les muscles abducteurs";"Exercice";"Étirements";"5";"daily";"1";"";"";"2";"available";"1"
"REC032";"Étirement cuisses";"Étirer les muscles des cuisses";"Exercice";"Étirements";"5";"daily";"1";"";"";"2";"available";"1"
"REC033";"Pompes murales";"Faire des pompes contre le mur";"Exercice";"Renforcement";"5";"daily";"1";"";"";"2";"available";"1"
"REC034";"Rotation épaules";"Mouvements circulaires pour assouplir les épaules";"Exercice";"Mobilité";"5";"daily";"1";"";"";"2";"available";"1"
"REC035";"Pédicure complète";"Soin complet des pieds";"Hygiène";"Pieds";"5";"monthly";"30";"";"";"2";"available";"1"
"REC036";"Coiffure et barbe";"Tailler la barbe et couper les cheveux";"Hygiène";"Coiffure";"5";"weekly";"14";"";"";"2";"available";"1"
"REC037";"Brossage Gigi";"Brosser le pelage de Gigi";"Entretien";"Brossage";"5";"weekly";"7";"";"";"1";"available";"1"
"REC038";"Brossage Coco";"Brosser le pelage de Coco";"Entretien";"Brossage";"5";"weekly";"7";"";"";"1";"available";"1"
"REC039";"Nourrir Gigi";"Remplir la gamelle de Gigi";"Entretien";"Nourriture";"5";"daily";"1";"";"";"1";"available";"1"
"REC040";"Nourrir Coco";"Remplir la gamelle de Coco";"Entretien";"Nourriture";"5";"daily";"1";"";"";"1";"available";"1"
"REC041";"Tri vêtements";"Replier vêtements propres";"Rangement";"Séjour/Atelier";"5";"weekly";"14";"";"";"1";"available";"1"
"REC042";"Tri vrac";"Ramasser vrac au sol: jeter, ranger";"Rangement";"Séjour/Atelier";"5";"weekly";"7";"";"";"1";"available";"1"
"REC043";"Dégager canapé";"Ranger vrac du canapé";"Rangement";"Séjour";"5";"weekly";"7";"";"";"1";"available";"1"
"REC044";"Aspirer salon";"Aspirer le salon";"Nettoyage";"Séjour";"5";"weekly";"14";"";"";"1";"available";"1"
"REC045";"Vitres porte-fenêtre";"Nettoyer vitres porte-fenêtre";"Nettoyage";"Séjour";"5";"weekly";"7";"";"";"2";"available";"1"
"REC046";"Dépoussiérage hauteur";"Dépoussiérer miroir et radiateur";"Nettoyage";"Séjour";"5";"weekly";"14";"";"";"2";"available";"1"
"REC047";"Rangement aspirateur";"Enrouler câble et ranger aspirateur";"Rangement";"Séjour";"5";"weekly";"7";"";"";"2";"available";"1"
"REC048";"Installation recyclage";"Installer bacs recyclage";"Rangement";"Séjour";"5";"weekly";"7";"";"";"1";"available";"1"
"REC049";"Dégager atelier";"Vider plan de travail atelier";"Rangement";"Atelier";"5";"daily";"1";"";"";"1";"available";"1"
"REC050";"Tri composants";"Classer et étiqueter composants";"Rangement";"Atelier";"5";"weekly";"7";"";"";"1";"available";"1"
"REC051";"Gestion câbles";"Enrouler et attacher câbles";"Rangement";"Atelier";"5";"weekly";"7";"";"";"1";"available";"1"
"REC052";"Nettoyage atelier CNC";"Aspirer copeaux autour CNC";"Nettoyage";"Atelier";"5";"weekly";"14";"";"";"1";"available";"1"
"REC053";"Protection CNC";"Dépoussiérer CNC et poser housse";"Nettoyage";"Atelier";"5";"weekly";"7";"";"";"2";"available";"1"
"REC054";"Sécurité fixations";"Vérifier étagères et ancrages";"Maintenance";"Atelier";"5";"monthly";"90";"";"";"1";"available";"1"
"REC055";"Plan travail cuisine";"Dégager plan et ranger ustensiles";"Rangement";"Cuisine";"5";"daily";"1";"";"";"1";"available";"1"
"REC056";"Égouttoir vaisselle";"Nettoyer égouttoir et ranger vaisselle";"Nettoyage";"Cuisine";"5";"daily";"1";"";"";"1";"available";"1"
"REC057";"Nettoyage crédence";"Essuyer crédence avec dégraissant";"Nettoyage";"Cuisine";"5";"weekly";"7";"";"";"2";"available";"1"
"REC058";"Détartrage évier";"Nettoyer évier et robinet";"Nettoyage";"Cuisine";"5";"daily";"1";"";"";"1";"available";"1"
"REC059";"Nettoyage plaque";"Dégraisser plaque vitrocéramique";"Nettoyage";"Cuisine";"5";"weekly";"7";"";"";"1";"available";"1"
"REC060";"Entretien poubelle";"Laver bac et couvercle";"Nettoyage";"Cuisine";"5";"weekly";"7";"";"";"1";"available";"1"
"REC061";"Sol cuisine";"Aspirer et serpiller sol cuisine";"Nettoyage";"Cuisine";"5";"weekly";"7";"";"";"1";"available";"1"
"REC062";"Dessus frigo";"Dépoussiérer dessus frigo";"Rangement";"Cuisine";"5";"weekly";"7";"";"";"2";"available";"1"
"REC063";"Portes frigo";"Nettoyer portes extérieures frigo";"Nettoyage";"Cuisine";"5";"weekly";"7";"";"";"1";"available";"1"
"REC064";"Tri épices/boîtes";"Trier et jeter périmés";"Rangement";"Cuisine";"5";"weekly";"7";"";"";"1";"available";"1"
"REC065";"Fenêtre cuisine";"Laver fenêtre cuisine";"Nettoyage";"Cuisine";"5";"weekly";"7";"";"";"3";"available";"1"
"REC066";"Façades meubles";"Essuyer portes et tiroirs";"Nettoyage";"Cuisine";"5";"weekly";"7";"";"";"2";"available";"1"
"REC067";"Entretien lave-vaisselle";"Nettoyer filtre et joints";"Maintenance";"Cuisine";"5";"daily";"1";"";"";"2";"available";"1"
"REC068";"Entretien machine à laver";"Nettoyer joint et filtre";"Maintenance";"Cuisine";"5";"weekly";"14";"";"";"2";"available";"1"
"REC069";"Tri lavabo";"Trier produits lavabo";"Rangement";"Salle de bain";"5";"weekly";"14";"";"";"1";"available";"1"
"REC070";"Miroir salle de bain";"Nettoyer miroir et luminaire";"Nettoyage";"Salle de bain";"5";"weekly";"7";"";"";"3";"available";"1"
"REC071";"Lavabo propre";"Dégraisser lavabo et bonde";"Nettoyage";"Salle de bain";"5";"weekly";"7";"";"";"1";"available";"1"
"REC072";"Détartrage robinet";"Détartrer robinet salle de bain";"Nettoyage";"Salle de bain";"5";"weekly";"7";"";"";"2";"available";"1"
"REC073";"Paniers douche";"Laver paniers d'angle douche";"Nettoyage";"Salle de bain";"5";"weekly";"7";"";"";"2";"available";"1"
"REC074";"Baignoire propre";"Récurer la baignoire";"Nettoyage";"Salle de bain";"5";"weekly";"7";"";"";"1";"available";"1"
"REC075";"Joints carrelage";"Brosser carrelage et joints";"Nettoyage";"Salle de bain";"5";"weekly";"7";"";"";"1";"available";"1"
"REC076";"Sol salle de bain";"Aspirer et laver sol SDB";"Nettoyage";"Salle de bain";"5";"daily";"1";"";"";"1";"available";"1"
"REC077";"Portes salle de bain";"Nettoyer portes et poignées";"Nettoyage";"Salle de bain";"5";"weekly";"7";"";"";"2";"available";"1"
"REC078";"Réparation mur";"Préparer réparation mur SDB";"Maintenance";"Salle de bain";"5";"weekly";"14";"";"";"1";"available";"1"
"REC079";"Armoire WC";"Organiser produits WC";"Rangement";"WC";"5";"weekly";"7";"";"";"2";"available";"1"
"REC080";"Brosse WC neuve";"Installer nouvelle brosse WC";"Maintenance";"WC";"5";"weekly";"7";"";"";"1";"available";"1"
"REC081";"Détartrage WC";"Nettoyer cuvette et détartrer";"Nettoyage";"WC";"5";"weekly";"14";"";"";"1";"available";"1"
"REC082";"Placard entrée";"Dépoussiérer placard entrée";"Rangement";"Entrée";"5";"weekly";"14";"";"";"1";"available";"1"
"REC083";"Tri chaussures";"Trier et jeter chaussures usées";"Rangement";"Entrée";"5";"monthly";"30";"";"";"1";"available";"1"
"REC084";"Organisation entrée";"Ranger accessoires entrée";"Rangement";"Entrée";"5";"weekly";"7";"";"";"1";"available";"1"
"REC085";"Sol entrée";"Aspirer et laver sol entrée";"Nettoyage";"Entrée";"5";"weekly";"7";"";"";"1";"available";"1"
"REC086";"Litière propre";"Laver bac litière et recharger";"Nettoyage";"Balcon";"5";"weekly";"7";"";"";"1";"available";"1"
"REC087";"Sol balcon";"Balayer et laver sol balcon";"Nettoyage";"Balcon";"5";"weekly";"7";"";"";"1";"available";"1"
"REC088";"Mobilier balcon";"Essuyer table, chaises et vélo";"Nettoyage";"Balcon";"5";"weekly";"7";"";"";"2";"available";"1"
"REC089";"Rideau douche";"Laver rideau de douche";"Nettoyage";"Salle de bain";"5";"daily";"1";"";"";"1";"available";"1"
"REC090";"Filtres ventilation";"Nettoyer filtres ventilateur";"Maintenance";"Séjour";"5";"weekly";"14";"";"";"1";"available";"1"
